116929,0

116949,0

116969,0

116989,0

117009,0

117029,0

117049,0

117069,0

117089,0

117109,0

117129,0

117149,0

117169,0

117189,0

117209,0

117229,0

117249,0

117269,0

117289,0

117309,0

117329,0

117349,0

117369,0

117389,0

117409,0

117429,0

117449,0

117469,0

117489,0

117509,0

117529,0

117549,0

117569,0

117589,0

117609,0

117629,0

117649,0

117669,0

117689,0

117709,0

117729,0

117749,0

117769,0

117789,0

117809,0

117829,0

117849,0

117869,0

117889,0

117909,0

117929,0

117949,0

117969,0

117989,0

118009,0

118029,0

118049,0

118069,0

118089,0

118109,0

118129,0

118149,0

118169,0

118189,0

118209,0

118229,0

118249,0

118269,0

118289,0

118309,0

118329,0

118349,0

118369,0

118389,0

118409,0

118429,0

118449,0

118469,0

118489,0

118509,0

118529,0

118549,0

118569,0

118589,0

118609,0

118629,0

118649,0

118669,0

118689,0

118709,0

118729,0

118749,0

118769,0

118789,0

118809,0

118829,0

118849,0

118869,0

118889,0

118909,0

118929,0

118949,0

118969,0

118989,0

119009,0

119029,0

119049,0

119069,0

119089,0

119109,0

119129,0

119149,0

119169,0

119189,0

119209,0

119229,0

119249,0

119269,0

119289,0

119309,0

119329,0

119349,0

119369,0

119389,0

119409,0

119429,0

119449,0

119469,0

119489,0

119509,0

119529,0

119549,0

119569,0

119589,0

119609,0

119629,0

119649,0

119669,0

119689,0

119709,0

119729,0

119749,0

119769,0

119789,0

119809,0

119829,0

119849,0

119869,0

119889,0

119909,0

119929,0

119949,0

119969,0

119989,0

120009,0

120029,0

120049,0

120069,0

120089,0

120109,0

120129,0

120149,0

120169,0

120189,0

120209,0

120229,0

120249,0

120269,0

120289,0

120309,0

120329,0

120349,0

120369,0

120389,0

120409,0

120429,0

120449,0

120469,0

120489,0

120509,0

120529,0

120549,0

120569,0

120589,0

120609,0

120629,0

120649,0

120669,0

120689,0

120709,0

120729,0

120749,0

120769,0

120789,0

120809,0

120829,0

120849,0

120869,0

120889,0

120909,0

120929,0

120949,0

120969,0

120989,0

121009,0

121029,0

121049,0

121069,0

121089,0

121109,0

121129,0

121149,0

121169,0

121189,0

121209,0

121229,0

121249,0

121269,0

121289,0

121309,0

121329,0

121349,0

121369,0

121389,0

121409,0

121429,0

121449,0

121469,0

121489,0

121509,0

121529,0

121549,0

121569,0

121589,0

121609,0

121629,0

121649,0

121669,0

121689,0

121709,0

121729,0

121749,0

121769,0

121789,0

121809,0

121829,0

121849,0

121869,0

121889,0

121909,0

121929,0

121949,0

121969,0

121989,0

122009,0

122029,0

122049,0

122069,0

122089,0

122109,0

122129,0

122149,0

122169,0

122189,0

122209,0

122229,0

122249,0

122269,0

122289,0

122309,0

122329,0

122349,0

122369,0

122389,0

122409,0

122429,0

122449,0

122469,0

122489,0

122509,0

122529,0

122549,0

122569,0

122589,0

122609,0

122629,0

122649,0

122669,0

122689,0

122709,0

122729,0

122749,0

122769,0

122789,0

122809,0

122829,0

122849,0

122869,0

122889,0

122909,0

122929,0

122949,0

122969,0

122989,0

123009,0

123029,0

123049,0

123069,0

123089,0

123109,0

123129,0

123149,0

123169,0

123189,0

123209,0

123229,0

123249,0

123269,0

123289,0

123309,0

123329,0

123349,0

123369,0

123389,0

123409,0

123429,0

123449,0

123469,0

123489,0

123509,0

123529,0

123549,0

123569,0

123589,0

123609,0

123629,0

123649,0

123669,0

123689,0

123709,0

123729,0

123749,0

123769,0

123789,0

123809,0

123829,0

123849,0

123869,0

123889,0

123909,0

123929,0

123949,0

123969,0

123989,0

124009,0

124029,0

124049,0

124069,0

124089,0

124109,0

124129,0

124149,0

124169,0

124189,0

124209,0

124229,0

124249,0

124269,0

124289,0

124309,0

124329,0

124349,0

124369,0

124389,0

124409,0

124429,0

124449,0

124469,0

124489,0

124509,0

124529,0

124549,0

124569,0

124589,0

124609,0

124629,0

124649,0

124669,0

124689,0

124709,0

t_ms,s

34930,0

35030,0

35130,0

35230,0

35330,0

35430,0

35530,0

35630,0

35730,0

35830,0

35930,0

36030,0

36130,0

36230,0

36330,0

36430,0

36530,0

36630,0

36730,0

36830,0

36930,0

37030,0

37130,0

37230,0

37330,0

37430,0

37530,0

37630,0

37730,0

37830,0

37930,0

38030,0

38130,0

38230,0

38330,0

38430,0

38530,0

38630,0

38730,0

38830,0

38930,0

39030,0

39130,0

39230,0

39330,0

39430,0

39530,0

39630,0

39730,0

39830,0

39930,0

40030,0

40130,0

40230,0

40330,0

40430,0

40530,0

40630,0

40730,0

40830,0

40930,0

41030,0

41130,0

41230,0

41330,0

41430,0

41530,0

41630,0

41730,0

41830,0

41930,0

42030,0

42130,0

42230,0

42330,0

42430,0

42530,0

42630,0

42730,0

42830,0

42930,0

43030,0

43130,0

43230,0

43330,0

43430,0

43530,0

43630,0

43730,0

43830,0

43930,0

44030,0

44130,0

44230,0

44330,0

44430,0

44530,0

44630,0

44730,0

44830,0

44930,0

45030,0

45130,0

45230,0

45330,0

45430,0

45530,0

45630,0

45730,0

45830,0

45930,0

46030,0

46130,0

46230,0

46330,0

46430,0

46530,0

46630,0

46730,0

46830,0

46930,0

47030,0

47130,0

47230,0

47330,0

47430,0

47530,0

47630,0

47730,0

47830,0

47930,0

48030,0

48130,0

48230,0

48330,0

48430,0

48530,0

48630,0

48730,0

48830,0

48930,0

49030,0

49130,0

49230,0

49330,0

49430,0

49530,0

49630,0

49730,0

49830,0

49930,0

50030,0

50130,0

50230,0

50330,0

50430,0

50530,0

50630,0

50730,0

50830,0

50930,0

51030,0

51130,0

51230,0

51330,0

51430,0

51530,0

51630,0

51730,0

51830,0

51930,0

52030,0

52130,0

52230,0

52330,0

52430,0

52530,0

52630,0

52730,0

52830,0

52930,0

53030,0

53130,0

53230,0

53330,0

53430,0

53530,0

53630,0

53730,0

53830,0

53930,0

54030,0

54130,0

54230,0

54330,0

54430,0

54530,0

54630,0

54730,0

54830,0

54930,0

55030,0

55130,0

55230,0

55330,0

55430,0

55530,0

55630,0

55730,0

55830,0

55930,0

56030,0

56130,0

56230,0

56330,0

56430,0

56530,0

56630,0

56730,0

56830,0

56930,0

57030,0

57130,0

57230,0

57330,0

57430,0

57530,0

57630,0

57730,0

57830,0

57930,0

58030,0

58130,0

58230,0

58330,0

58430,0

58530,0

58630,0

58730,0

58830,0

58930,0

59030,0

59130,0

59230,0

59330,0

59430,0

59530,0

59630,0

59730,0

59830,0

59930,0

60030,0

60130,0

60230,0

60330,0

60430,0

60530,0

60630,0

60730,0

60830,0

60930,0

61030,0

61130,0

61230,0

61330,0

61430,0

61530,0

61630,0

61730,0

61830,0

61930,0

62030,0

62130,0

62230,0

62330,0

62430,0

62530,0

62630,0

62730,0

62830,0

62930,0

63030,0

63130,0

63230,0

63330,0

63430,0

63530,0

63630,0

63730,0

63830,0

63930,0

64030,0

64130,0

64230,0

64330,0

64430,0

64530,0

64630,0

64730,0

64830,0

64930,0

65030,0

65130,0

65230,0

65330,0

65430,0

65530,0

65630,0

65730,0

65830,0

65930,0

66030,0

66130,0

66230,0

66330,0

66430,0

66530,0

66630,0

66730,0

66830,0

66930,0

67030,0

67130,0

67230,0

67330,0

67430,0

67530,0

67630,0

67730,0

67830,0

67930,0

68030,0

68130,0

68230,0

68330,0

68430,0

68530,0

68630,0

68730,0

68830,0

68930,0

69030,0

69130,0

69230,0

69330,0

69430,0

69530,0

69630,0

69730,0

69830,0

69930,0

70030,0

70130,0

70230,0

70330,0

70430,0

70530,0

70630,0

70730,0

70830,0

70930,0

71030,0

71130,0

71230,0

71330,0

71430,0

71530,0

71630,0

71730,0

71830,0

71930,0

72030,0

72130,0

72230,0

72330,0

72430,0

72530,0

72630,0

72730,0

72830,0

72930,0

73030,0

73130,0

73230,0

73330,0

73430,0

73530,0

73630,0

73730,0

73830,0

73930,0

74030,0

74130,0

74230,0

74330,0

74430,0

74530,0

74630,0

74730,0

74830,0

74930,0

75030,0

75130,0

75230,0

75330,0

75430,0

75530,0

75630,0

75730,0

75830,0

75930,0

76030,0

76130,0

76230,0

76330,0

76430,0

76530,0

76630,0

76730,0

76830,0

76930,0

77030,0

77130,0

77230,0

77330,0

77430,0

77530,0

77630,0

77730,0

77830,0

77930,0

78030,0

78130,0

78230,0

78330,0

78430,0

78530,0

78630,0

78730,0

78830,0

78930,0

79030,0

79130,0

79230,0

79330,0

79430,0

79530,0

79630,0

79730,0

79830,0

79930,0

80030,0

80130,0

80230,0

80330,0

80430,0

80530,0

80630,0

80730,0

80830,0

80930,0

81030,0

81130,0

81230,0

81330,0

81430,0

81530,0

81630,0

81730,0

81830,0

81930,0

82030,0

82130,0

82230,0

82330,0

82430,0

82530,0

82630,0

82730,0

82830,0

82930,0

83030,0

83130,0

83230,0

83330,0

83430,0

83530,0

83630,0

83730,0

83830,0

83930,0

84030,0

84130,0

84230,0

84330,0

84430,0

84530,0

84630,0

84730,0

84830,0

84930,0

85030,0

85130,0

85230,0

85330,0

85430,0

85530,0

85630,0

85730,0

85830,0

85930,0

86030,0

86130,0

86230,0

86330,0

86430,0

86530,0

86630,0

86730,0

86830,0

86930,0

87030,0

87130,0

87230,0

87330,0

87430,0

87530,0

87630,0

87730,0

87830,0

87930,0

88030,0

88130,0

88230,0

88330,0

88430,0

88530,0

88630,0

88730,0

88830,0

88930,0

89030,0

89130,0

89230,0

89330,0

89430,0

89530,0

89630,0

89730,0

89830,0

89930,0

90030,0

90130,0

90230,0

90330,0

90430,0

90530,0

90630,0

90730,0

90830,0

90930,0

91030,0

91130,0

91230,0

91330,0

91430,0

91530,0

91630,0

91730,0

91830,0

91930,0

92030,0

92130,0

92230,0

92330,0

92430,0

92530,0

92630,0

92730,0

92830,0

92930,0

93030,0

93130,0

93230,0

93330,0

93430,0

93530,0

93630,0

93730,0

93830,0

93930,0

94030,0

94130,0

94230,0

94330,0

94430,0

94530,0

94630,0

94730,0

94830,0

94930,0

95030,0

95130,0

95230,0

95330,0

95430,0

95530,0

95630,0

95730,0

95830,0

95930,0

96030,0

96130,0

96230,0

96330,0

96430,0

96530,0

96630,0

96730,0

96830,0

96930,0

97030,0

97130,0

97230,0

97330,0

97430,0

97530,0

97630,0

97730,0

97830,0

97930,0

98030,0

98130,0

98230,0

98330,0

98430,0

98530,0

98630,0

98730,0

98830,0

98930,0

99030,0

99130,0

99230,0

99330,0

99430,0

99530,0

99630,0

99730,0

99830,0

99930,0

100030,0

100130,0

100230,0

100330,0

100430,0

100530,0

100630,0

100730,0

100830,0

100930,0

101030,0

101130,0

101230,0

101330,0

101430,0

101530,0

101630,0

101730,0

101830,0

101930,0

102030,0

102130,0

102230,0

102330,0

102430,0

102530,0

102630,0

102730,0

102830,0

102930,0

103030,0

103130,0

103230,0

103330,0

103430,0

103530,0

103630,0

103730,0

103830,0

103930,0

104030,0

104130,0

104230,0

104330,0

104430,0

104530,0

104630,0

104730,0

104830,0

104930,0

105030,0

105130,0

105230,0

105330,0

105430,0

105530,0

105630,0

105730,0

105830,0

105930,0

106030,0

106130,0

106230,0

106330,0

106430,0

106530,0

106630,0

106730,0

106830,0

106930,0

107030,0

107130,0

107230,0

107330,0

107430,0

107530,0

107630,0

107730,0

107830,0

107930,0

108030,0

108130,0

108230,0

108330,0

108430,0

108530,0

108630,0

108730,0

108830,0

108930,0

109030,0

109130,0

109230,0

109330,0

109430,0

109530,0

109630,0

109730,0

109830,0

109930,0

110030,0

110130,0

110230,0

110330,0

110430,0

110530,0

110630,0

110730,0

110830,0

110930,0

111030,0

111130,0

111230,0

111330,0

111430,0

111530,0

111630,0

111730,0

111830,0

111930,0

112030,0

112130,0

112230,0

112330,0

112430,0

112530,0

112630,0

112730,0

112830,0

112930,0

113030,0

113130,0

113230,0

113330,0

113430,0

113530,0

113630,0

113730,0

113830,0

113930,0

114030,0

114130,0

114230,0

114330,0

114430,0

114530,0

114630,0

114730,0

114830,0

114930,0

115030,0

115130,0

115230,0

115330,0

115430,0

115530,0

115630,0

115730,0

115830,0

115930,0

116030,0

116130,0

116230,0

116330,0

116430,0

116530,0

116630,0

116730,0

116830,0

116930,0

117030,0

117130,0

117230,0

117330,0

117430,0

117530,0

117630,0

117730,0

117830,0

117930,0

118030,0

118130,0

118230,0

118330,0

118430,0

118530,0

118630,0

118730,0

118830,0

118930,0

119030,0

119130,0

119230,0

119330,0

119430,0

119530,0

119630,0

119730,0

119830,0

119930,0

120030,0

120130,0

120230,0

120330,0

120430,0

120530,0

120630,0

120730,0

120830,0

120930,0

121030,0

121130,0

121230,0

121330,0

121430,0

121530,0

121630,0

121730,0

121830,0

121930,0

122030,0

122130,0

122230,0

122330,0

122430,0

122530,0

122630,0

122730,0

122830,0

122930,0

123030,0

123130,0

123230,0

123330,0

123430,0

123530,0

123630,0

123730,0

123830,0

123930,0

124030,0

124130,0

124230,0

124330,0

124430,0

124530,0

124630,0

124730,0

124830,0

124930,0

125030,0

125130,0

125230,0

125330,0

125430,0

125530,0

125630,0

125730,0

125830,0

125930,0

126030,0

126130,0

126230,0

126330,0

126430,0

126530,0

126630,0

126730,0

126830,0

126930,0

127030,0

127130,0

127230,0

127330,0

127430,0

127530,0

127630,0

127730,0

127830,0

127930,0

128030,0

128130,0

128230,0

128330,0

128430,0

128530,0

128630,0

128730,0

128830,0

128930,0

129030,0

129130,0

129230,0

129330,0

129430,0

129530,0

129630,0

129730,0

129830,0

129930,0

130030,0

130130,0

130230,0

130330,0

130430,0

130530,0

130630,0

130730,0

130830,0

130930,0

131030,0

131130,0

131230,0

131330,0

131430,0

131530,0

131630,0

131730,0

131830,0

131930,0

132030,0

132130,0

132230,0

132330,0

132430,0

132530,0

132630,0

132730,0

132830,0

132930,0

133030,0

133130,0

133230,0

133330,0

133430,0

133530,0

133630,0

133730,0

133830,0

133930,0

134030,0

134130,0

134230,0

134330,0

134430,0

134530,0

134630,0

134730,0

134830,0

134930,0

135030,0

135130,0

135230,0

135330,0

135430,0

135530,0

135630,0

135730,0

135830,0

135930,0

136030,0

136130,0

136230,0

136330,0

136430,0

136530,0

136630,0

136730,0

136830,0

136930,0

137030,0

137130,0

137230,0

137330,0

137430,0

137530,0

137630,0

137730,0

137830,0

137930,0

138030,0

138130,0

138230,0

138330,0

138430,0

138530,0

138630,0

138730,0

138830,0

138930,0

139030,0

139130,0

139230,0

139330,0

139430,0

139530,0

139630,0

139730,0

139830,0

139930,0

140030,0

140130,0

140230,0

140330,0

140430,0

140530,0

140630,0

140730,0

140830,0

140930,0

141030,0

141130,0

141230,0

141330,0

141430,0

141530,0

141630,0

141730,0

141830,0

141930,0

142030,0

142130,0

142230,0

142330,0

142430,0

142530,0

142630,0

142730,0

142830,0

142930,0

143030,0

143130,0

143230,0

143330,0

143430,0

143530,0

143630,0

143730,0

143830,0

143930,0

144030,0

144130,0

144230,0

144330,0

144430,0

144530,0

144630,0

144730,0

144830,0

144930,0

145030,0

145130,0

145230,0

145330,0

145430,0

145530,0

145630,0

145730,0

145830,0

145930,0

146030,0

146130,0

146230,0

146330,0

146430,0

146530,0

146630,0

146730,0

146830,0

146930,0

147030,0

147130,0

147230,0

147330,0

147430,0

147530,0

147630,0

147730,0

147830,0

147930,0

148030,0

148130,0

148230,0

148330,0

148430,0

148530,0

148630,0

148730,0

148830,0

148930,0

149030,0

149130,0

149230,0

149330,0

149430,0

149530,0

149630,0

149730,0

149830,0

149930,0

150030,0

150130,0

150230,0

150330,0

150430,0

150530,0

150630,0

150730,0

150830,0

150930,0

151030,0

151130,0

151230,0

151330,0

151430,0

151530,0

151630,0

151730,0

151830,0

151930,0

152030,0

152130,0

152230,0

152330,0

152430,0

152530,0

152630,0

152730,0

152830,0

152930,0

153030,0

153130,0

153230,0

153330,0

153430,0

153530,0

153630,0

153730,0

153830,0

153930,0

154030,0

154130,0

154230,0

154330,0

154430,0

154530,0

154630,0

154730,0

154830,0

154930,0

155030,0

155130,0

155230,0

155330,0

155430,0

155530,0

155630,0

155730,0

155830,0

155930,0

156030,0

156130,0

156230,0

156330,0

156430,0

156530,0

156630,0

156730,0

156830,0

156930,0

157030,0

157130,0

157230,0

157330,0

157430,0

157530,0

157630,0

157730,0

157830,0

157930,0

158030,0

158130,0

158230,0

158330,0

158430,0

158530,0

158630,0

158730,0

158830,0

158930,0

159030,0

159130,0

159230,0

159330,0

159430,0

159530,0

159630,0

159730,0

159830,0

159930,0

160030,0

160130,0

160230,0

160330,0

160430,0

160530,0

160630,0

160730,0

160830,0

160930,0

161030,0

161130,0

161230,0

161330,0

161430,0

161530,0

161630,0

161730,0

161830,0

161930,0

162030,0

162130,0

162230,0

162330,0

162430,0

162530,0

162630,0

162730,0

162830,0

162930,0

163030,0

163130,0

163230,0

163330,0

163430,0

163530,0

163630,0

163730,0

163830,0

163930,0

164030,0

164130,0

164230,0

164330,0

164430,0

164530,0

164630,0

164730,0

164830,0

164930,0

165030,0

165130,0

165230,0

165330,0

165430,0

165530,0

165630,0

165730,0

165830,0

165930,0

166030,0

166130,0

166230,0

166330,0

166430,0

166530,0

166630,0

166730,0

166830,0

166930,0

167030,0

167130,0

167230,0

167330,0

167430,0

167530,0

167630,0

167730,0

167830,0

167930,0

168030,0

168130,0

168230,0

168330,0

168430,0

168530,0

168630,0

168730,0

168830,0

168930,0

169030,0

169130,0

169230,0

169330,0

169430,0

169530,0

169630,0

169730,0

169830,0

169930,0

170030,0

170130,0

170230,0

170330,0

170430,0

170530,0

170630,0

170730,0

170830,0

170930,0

171030,0

171130,0

171230,0

171330,0

171430,0

171530,0

171630,0

171730,0

171830,0

171930,0

172030,0

172130,0

172230,0

172330,0

172430,0

172530,0

172630,0

172730,0

172830,0

172930,0

173030,0

173130,0

173230,0

173330,0

173430,0

173530,0

173630,0

173730,0

173830,0

173930,0

174030,0

174130,0

174230,0

174330,0

174430,0

174530,0

174630,0

174730,0

174830,0

174930,0

175030,0

175130,0

175230,0

175330,0

175430,0

175530,0

175630,0

175730,0

175830,0

175930,0

176030,0

176130,0

176230,0

176330,0

176430,0

176530,0

176630,0

176730,0

176830,0

176930,0

177030,0

177130,0

177230,0

177330,0

177430,0

177530,0

177630,0

177730,0

177830,0

177930,0

178030,0

178130,0

178230,0

178330,0

178430,0

178530,0

178630,0

178730,0

178830,0

178930,0

179030,0

179130,0

179230,0

179330,0

179430,0

179530,0

179630,0

179730,0

179830,0

179930,0

180030,0

180130,0

180230,0

180330,0

180430,0

180530,0

180630,0

180730,0

180830,0

180930,0

181030,0

181130,0

181230,0

181330,0

181430,0

181530,0

181630,0

181730,0

181830,0

181930,0

182030,0

182130,0

182230,0

182330,0

182430,0

182530,0

182630,0

182730,0

182830,0

182930,0

183030,0

183130,0

183230,0

183330,0

183430,0

183530,0

183630,0

183730,0

183830,0

183930,0

184030,0

184130,0

184230,0

184330,0

184430,0

184530,0

184630,0

184730,0

184830,0

184930,0

185030,0

185130,0

185230,0

185330,0

185430,0

185530,0

185630,0

185730,0

185830,0

185930,0

186030,0

186130,0

186230,0

186330,0

186430,0

186530,0

186630,0

186730,0

186830,0

186930,0

187030,0

187130,0

187230,0

187330,0

187430,0

187530,0

187630,0

187730,0

187830,0

187930,0

188030,0

188130,0

188230,0

188330,0

188430,0

188530,0

188630,0

188730,0

188830,0

188930,0

189030,0

189130,0

189230,0

189330,0

189430,0

189530,0

189630,0

189730,0

189830,0

189930,0

190030,0

190130,0

190230,0

190330,0

190430,0

190530,0

190630,0

190730,0

190830,0

190930,0

191030,0

191130,0

191230,0

191330,0

191430,0

191530,0

191630,0

191730,0

191830,0

191930,0

192030,0

192130,0

192230,0

192330,0

192430,0

192530,0

192630,0

192730,0

192830,0

192930,0

193030,0

193130,0

193230,0

193330,0

193430,0

193530,0

193630,0

193730,0

193830,0

193930,0

194030,0

194130,0

194230,0

194330,0

194430,0

194530,0

194630,0

194730,0

194830,0

194930,0

195030,0

195130,0

195230,0

195330,0

195430,0

195530,0

195630,0

195730,0

195830,0

195930,0

196030,0

196130,0

196230,0

196330,0

196430,0

196530,0

196630,0

196730,0

196830,0

196930,0

197030,0

197130,0

197230,0

197330,0

197430,0

197530,0

197630,0

197730,0

197830,0

197930,0

198030,0

198130,0

198230,0

198330,0

198430,0

198530,0

198630,0

198730,0

198830,0

198930,0

199030,0

199130,0

199230,0

199330,0

199430,0

199530,0

199630,0

199730,0

199830,0

199930,0

200030,0

200130,0

200230,0

200330,0

200430,0

200530,0

200630,0

200730,0

200830,0

200930,0

201030,0

201130,0

201230,0

201330,0

201430,0

201530,0

201630,0

201730,0

201830,0

201930,0

202030,0

202130,0

202230,0

202330,0

202430,0

202530,0

202630,0

202730,0

202830,0

202930,0

203030,0

203130,0

203230,0

203330,0

203430,0

203530,0

203630,0

203730,0

203830,0

203930,0

204030,0

204130,0

204230,0

204330,0

204430,0

204530,0

204630,0

204730,0

204830,0

204930,0

205030,0

205130,0

205230,0

205330,0

205430,0

205530,0

205630,0

205730,0

205830,0

205930,0

206030,0

206130,0

206230,0

206330,0

206430,0

206530,0

206630,0

206730,0

206830,0

206930,0

207030,0

207130,0

207230,0

207330,0

207430,0

207530,0

207630,0

207730,0

207830,0

207930,0

208030,0

208130,0

208230,0

208330,0

208430,0

208530,0

208630,0

208730,0

208830,0

208930,0

209030,0

209130,0

209230,0

209330,0

209430,0

209530,0

209630,0

209730,0

209830,0

209930,0

210030,0

210130,0

210230,0

210330,0

210430,0

210530,0

210630,0

210730,0

210830,0

210930,0

211030,0

211130,0

211230,0

211330,0

211430,0

211530,0

211630,0

211730,0

211830,0

211930,0

212030,0

212130,0

212230,0

212330,0

212430,0

212530,0

212630,0

212730,0

212830,0

212930,0

213030,0

213130,0

213230,0

213330,0

213430,0

213530,0

213630,0

213730,0

213830,0

213930,0

214030,0

214130,0

214230,0

214330,0

214430,0

214530,0

214630,0

214730,0

214830,0

214930,0

215030,0

215130,0

215230,0

215330,0

215430,0

215530,0

215630,0

215730,0

215830,0

215930,0

216030,0

216130,0

216230,0

216330,0

216430,0

216530,0

216630,0

216730,0

216830,0

216930,0

217030,0

217130,0

217230,0

217330,0

217430,0

217530,0

217630,0

217730,0

217830,0

217930,0

218030,0

218130,0

218230,0

218330,0

218430,0

218530,0

218630,0

218730,0

218830,0

218930,0

219030,0

219130,0

219230,0

219330,0

219430,0

219530,0

219630,0

219730,0

219830,0

219930,0

220030,0

220130,0

220230,0

220330,0

220430,0

220530,0

220630,0

220730,0

220830,0

220930,0

221030,0

221130,0

221230,0

221330,0

221430,0

221530,0

221630,0

221730,0

221830,0

221930,0

222030,0

222130,0

222230,0

222330,0

222430,0

222530,0

222630,0

222730,0

222830,0

222930,0

223030,0

223130,0

223230,0

223330,0

223430,0

223530,0

223630,0

223730,0

223830,0

223930,0

224030,0

224130,0

224230,0

224330,0

224430,0

224530,0

224630,0

224730,0

224830,0

224930,0

225030,0

225130,0

225230,0

225330,0

225430,0

225530,0

225630,0

225730,0

225830,0

225930,0

226030,0

226130,0

226230,0

226330,0

226430,0

226530,0

226630,0

226730,0

226830,0

226930,0

227030,0

227130,0

227230,0

227330,0

227430,0

227530,0

227630,0

227730,0

227830,0

227930,0

228030,0

228130,0

228230,0

228330,0

228430,0

228530,0

228630,0

228730,0

228830,0

228930,0

229030,0

229130,0

229230,0

229330,0

229430,0

229530,0

229630,0

229730,0

229830,0

229930,0

230030,0

230130,0

230230,0

230330,1

230430,0

230530,0

230630,0

230730,0

t_ms,s

10509,4095

10529,4095

10549,4095

10569,4095

10589,4095

10609,4095

10629,4095

10649,4095

10669,4095

10689,4095

10709,4095

10729,4095

10749,4095

10769,4095

10789,4095

10809,4095

10829,4095

10849,4095

10869,4095

10889,4095

10909,4095

10929,4095

10949,4095

10969,4095

10989,4095

11009,4095

11029,4095

11049,4095

11069,4095

11089,4095

11109,4095

11129,4095

11149,4095

11169,4095

11189,4095

11209,4095

11229,4095

11249,4095

11269,4095

11289,4095

11309,4095

11329,4095

11349,4095

11369,4095

11389,4095

11409,4095

11429,4095

11449,4095

11469,4095

11489,4095

11509,4095

11529,4095

11549,4095

11569,4095

11589,4095

11609,4095

11629,4095

11649,4095

11669,4095

11689,4095

11709,4095

11729,4095

11749,4095

11769,4095

11789,4095

11809,4095

11829,4095

11849,4095

11869,4095

11889,4095

11909,4095

11929,4095

11949,4095

11969,4095

11989,4095

12009,4095

12029,4095

12049,4095

12069,4095

12089,4095

12109,4095

12129,4095

12149,4095

12169,4095

12189,4095

12209,4095

12229,4095

12249,4095

12269,4095

12289,4095

12309,4095

12329,4095

12349,4095

12369,4095

12389,4095

12409,4095

12429,4095

12449,4095

12469,4095

12489,4095

12509,4095

12529,4095

12549,4095

12569,4095

12589,4095

12609,4095

12629,4095

12649,4095

12669,4095

12689,4095

12709,4095

12729,4095

12749,4095

12769,4095

12789,4095

12809,4095

12829,4095

12849,4095

12869,4095

12889,4095

12909,4095

12929,4095

12949,4095

12969,4095

12989,4095

13009,4095

13029,4095

13049,4095

13069,4095

13089,4095

13109,4095

13129,4095

13149,4095

13169,4095

13189,4095

13209,4095

13229,4095

13249,4095

13269,4095

13289,4095

13309,4095

13329,4095

13349,4095

13369,4095

13389,4095

13409,4095

13429,4095

13449,4095

13469,4095

13489,4095

13509,4095

13529,4095

13549,4095

13569,4095

13589,4095

13609,4095

13629,4095

13649,4095

13669,4095

13689,4095

13709,4095

13729,4095

13749,4095

13769,4095

13789,4095

13809,4095

13829,4095

13849,3851

13869,4095

13889,4095

13909,4095

13929,4095

13949,4095

13969,4095

13989,4095

14009,4095

14029,4095

14049,4095

14069,4095

14089,4095

14109,4095

14129,4095

14149,4095

14169,4095

14189,4095

14209,4095

14229,4095

14249,4095

14269,4095

14289,4095

14309,4095

14329,4095

14349,4095

14369,4095

14389,4095

14409,4095

14429,4095

14449,4095

14469,4095

14489,4095

14509,4095

14529,4095

14549,4095

14569,4095

14589,4095

14609,4095

14629,4095

14649,4095

14669,4095

14689,4095

14709,4095

14729,4095

14749,4095

14769,4095

14789,4095

14809,4095

14829,4095

14849,4095

14869,4095

14889,4095

14909,4095

14929,4095

14949,4095

14969,4095

14989,4095

15009,4095

15029,4095

15049,4095

15069,4095

15089,4095

15109,4095

15129,4095

15149,4095

15169,4095

15189,4095

15209,4095

15229,4095

15249,4095

15269,4095

15289,4095

15309,4095

15329,4095

15349,4095

15369,4095

15389,4095

15409,4095

15429,4095

15449,4095

15469,4095

15489,4095

15509,4095

15529,4095

15549,4095

15569,4095

15589,4095

15609,4095

15629,4095

15649,4095

15669,4095

15689,4095

15709,4095

15729,4095

15749,4095

15769,4095

15789,4095

15809,4095

15829,4095

15849,4095

15869,4095

15889,4095

15909,4095

15929,4095

15949,4095

15969,4095

15989,4095

16009,4095

16029,4095

16049,4095

16069,4095

16089,4095

16109,4095

16129,4095

16149,4095

16169,4095

16189,4095

16209,4095

16229,4095

16249,4095

16269,4095

16289,4095

16309,4095

16329,4095

16349,4095

16369,4095

16389,4095

16409,4095

16429,4095

16449,4095

16469,4095

16489,4095

16509,4095

16529,4095

16549,4095

16569,4095

16589,3728

16609,4095

16629,4095

16649,4095

16669,4095

16689,4095

16709,4095

16729,4095

16749,4095

16769,4095

16789,4095

16809,4095

16829,4095

16849,4095

16869,4095

16889,4095

16909,4095

16929,4095

16949,4095

16969,4095

16989,4095

17009,4095

17029,4095

17049,4095

17069,4095

17089,4095

17109,4095

17129,4095

17149,4095

17169,4095

17189,4095

17209,4095

17229,4095

17249,4095

17269,4095

17289,4095

17309,4095

17329,4095

17349,4095

17369,4095

17389,4095

17409,4095

17429,4095

17449,4095

17469,4095

17489,4095

17509,4095

17529,4095

17549,4095

17569,4095

17589,4095

17609,4095

17629,4095

17649,4095

17669,4095

17689,4095

17709,4095

17729,4095

17749,4095

17769,4095

17789,4095

17809,4095

17829,4095

17849,4095

17869,4095

17889,4095

17909,4095

17929,4095

17949,4095

17969,4095

17989,4095

18009,4095

18029,4095

18049,4095

18069,4095

18089,4095

18109,4095

18129,4095

18149,4095

18169,4095

18189,4095

18209,4095

18229,4095

18249,4095

18269,4095

18289,4095

18309,4095

18329,4095

18349,4095

18369,4095

18389,4095

18409,4095

18429,4095

18449,4095

18469,4095

18489,4095

18509,4095

18529,4095

18549,4095

18569,4095

18589,4095

18609,4095

18629,4095

18649,4095

18669,4095

18689,4095

18709,4095

18729,4095

18749,4095

18769,4095

18789,4095

18809,4095

18829,4095

18849,4095

18869,4095

18889,4095

18909,4095

18929,4095

18949,4095

18969,4095

18989,4095

19009,4095

19029,4095

19049,4095

19069,4095

19089,4095

19109,4095

19129,4095

19149,4095

19169,4095

19189,4095

19209,4095

19229,4095

19249,4095

19269,4095

19289,4095

19309,4095

19329,4095

19349,4095

19369,4095

19389,4095

19409,4095

19429,4095

19449,4095

19469,4095

19489,4095

19509,4095

19529,4095

19549,4095

19569,4095

19589,4095

19609,4095

19629,4095

19649,4095

19669,4095

19689,4095

19709,4095

19729,4095

19749,4095

19769,4095

19789,4095

19809,4095

19829,4095

19849,4095

19869,4095

19889,4095

19909,4095

19929,4095

19949,4095

19969,4095

19989,4095

20009,4095

20029,4095

20049,4095

20069,4095

20089,4095

20109,4095

20129,4095

20149,4095

20169,4095

20189,4095

20209,4095

20229,4095

20249,4095

20269,4095

20289,4095

20309,4095

20329,4095

20349,4095

20369,4095

20389,4095

20409,4095

20429,4095

20449,4095

20469,4095

20489,4095

20509,4095

20529,4095

20549,4095

20569,4095

20589,4095

20609,4095

20629,4095

20649,4095

20669,4095

20689,4095

20709,4095

20729,4095

20749,4095

20769,4095

20789,4095

20809,4095

20829,4095

20849,4095

20869,4095

20889,4095

20909,4095

20929,4095

20949,4095

20969,4095

20989,4095

21009,4095

21029,4095

21049,4095

21069,4095

21089,4095

21109,4095

21129,4095

21149,4095

21169,4095

21189,4095

21209,4095

21229,4095

21249,4095

21269,4095

21289,4095

21309,4095

21329,4095

21349,4095

21369,4095

21389,4095

21409,4095

21429,4095

21449,4095

21469,4095

21489,4095

21509,4095

21529,4095

21549,4095

21569,4095

21589,4095

21609,4095

21629,4095

21649,4095

21669,4095

21689,4095

21709,4095

21729,4095

21749,4095

21769,4095

21789,4095

21809,4095

21829,4095

21849,4095

21869,4095

21889,4095

21909,4078

21929,4095

21949,4095

21969,4095

21989,4095

22009,4095

22029,4095

22049,4095

22069,4095

22089,4095

22109,4095

22129,4095

22149,4095

22169,4095

22189,4095

22209,4095

22229,4095

22249,4095

22269,4095

22289,4095

22309,4095

22329,4095

22349,4095

22369,4095

22389,4095

22409,4095

22429,4095

22449,4095

22469,4095

22489,4095

22509,4095

22529,4095

22549,4095

22569,4095

22589,4095

22609,4095

22629,4095

22649,4095

22669,4095

22689,4095

22709,4095

22729,4095

22749,4095

22769,4095

22789,4095

22809,4095

22829,4095

22849,4095

22869,4095

22889,4095

22909,4095

22929,4095

22949,4095

22969,4095

22989,4095

23009,4095

23029,4095

23049,4095

23069,4095

23089,4095

23109,4095

23129,4095

23149,4095

23169,4095

23189,4095

23209,4011

23229,4095

23249,4095

23269,4095

23289,4095

23309,4095

23329,4095

23349,4095

23369,4095

23389,4095

23409,4095

23429,4095

23449,4095

23469,4095

23489,4095

23509,4095

23529,4095

23549,4095

23569,4095

23589,4095

23609,4095

23629,4095

23649,4095

23669,4095

23689,4095

23709,4095

23729,4095

23749,4095

23769,4071

23789,4082

23809,4095

23829,4095

23849,4088

23869,4095

23889,4095

23909,4077

23929,4076

23949,4080

23969,4080

23989,4095

24009,4095

24029,4095

24049,4090

24069,4050

24089,4095

24109,4095

24129,4095

24149,4084

24169,4095

24189,4095

24209,4095

24229,4095

24249,4095

24269,4095

24289,4095

24309,4095

24329,4095

24349,4095

24369,4095

24389,4095

24409,4095

24429,4095

24449,4095

24469,4095

24489,4095

24509,4095

24529,4095

24549,4095

24569,4095

24589,4095

24609,4095

24629,4095

24649,4030

24669,4095

24689,4095

24709,4095

24729,4095

24749,4095

24769,4095

24789,4095

24809,4095

24829,4095

24849,4095

24869,4095

24889,4095

24909,4095

24929,4095

24949,4095

24969,4095

24989,4095

25009,4095

25029,4095

25049,4095

25069,4095

25089,4095

25109,4095

25129,4095

25149,4095

25169,4095

25189,4095

25209,4095

25229,4095

25249,4095

25269,4095

25289,4095

25309,4095

25329,4095

25349,4095

25369,4095

25389,4095

25409,4095

25429,4095

25449,4095

25469,4095

25489,4095

25509,4095

25529,4095

25549,4095

25569,4095

25589,4095

25609,4095

25629,4095

25649,4095

25669,4095

25689,4095

25709,4095

25729,4095

25749,4095

25769,4095

25789,4095

25809,4095

25829,4095

25849,4095

25869,4095

25889,4095

25909,4095

25929,4095

25949,4095

25969,4095

25989,4095

26009,4095

26029,4095

26049,4095

26069,4095

26089,4095

26109,4095

26129,4095

26149,4095

26169,4095

26189,4095

26209,4095

26229,4095

26249,4095

26269,4095

26289,4095

26309,4095

26329,4095

26349,4095

26369,4095

26389,4095

26409,4095

26429,4095

26449,4095

26469,4095

26489,4095

26509,4095

26529,4095

26549,4095

26569,4095

26589,4095

26609,4095

26629,4095

26649,4095

26669,4095

26689,4095

26709,4095

26729,4095

26749,4095

26769,4095

26789,4095

26809,4095

26829,4095

26849,4095

26869,4095

26889,4095

26909,4095

26929,4095

26949,4095

26969,4095

26989,4095

27009,4095

27029,4095

27049,4095

27069,4095

27089,4095

27109,4095

27129,4095

27149,4095

27169,4095

27189,4095

27209,4095

27229,4095

27249,4095

27269,4095

27289,4095

27309,4095

27329,4095

27349,4095

27369,4095

27389,4095

27409,4095

27429,4095

27449,4095

27469,4095

27489,4095

27509,4095

27529,4095

27549,4095

27569,4095

27589,4095

27609,4095

27629,4095

27649,4095

27669,4095

27689,4095

27709,4095

27729,4095

27749,4095

27769,4095

27789,4095

27809,4095

27829,4095

27849,4095

27869,4095

27889,4095

27909,4095

27929,4095

27949,4095

27969,4095

27989,4095

28009,4095

28029,4095

28049,4095

28069,4095

28089,4095

28109,4095

28129,4095

28149,4095

28169,4095

28189,4095

28209,4095

28229,4095

28249,4095

28269,4095

28289,4095

28309,4095

28329,4095

28349,4095

28369,4095

28389,4095

28409,4095

28429,4095

28449,4095

28469,4095

28489,4095

28509,4095

28529,4095

28549,4095

28569,4095

28589,4095

28609,4095

28629,4095

28649,4095

28669,4095

28689,4095

28709,4095

28729,4095

28749,4095

28769,4095

28789,4095

28809,4095

28829,4095

28849,4095

28869,4095

28889,4095

28909,4095

28929,4095

28949,4095

28969,4095

28989,4095

29009,4095

29029,4095

29049,4095

29069,4095

29089,4095

29109,4095

29129,4095

29149,4095

29169,4095

29189,4095

29209,4095

29229,4095

29249,4095

29269,4095

29289,4095

29309,4095

29329,4095

29349,4095

29369,4095

29389,4095

29409,4095

29429,4095

29449,4095

29469,4095

29489,4095

29509,4095

29529,4053

29549,4095

29569,4095

29589,4095

29609,4095

29629,4095

29649,4095

29669,4091

29689,4045

29709,4095

29729,4095

29749,4075

29769,4095

29789,4095

29809,4095

29829,4095

29849,4095

29869,4095

29889,4095

29909,4079

29929,4095

29949,4095

29969,4001

29989,4005

30009,4095

30029,4095

30049,4095

30069,4095

30089,4095

30109,4095

30129,4095

30149,4095

30169,4095

30189,4095

30209,4095

30229,4095

30249,4095

30269,4095

30289,4095

30309,4095

30329,4095

30349,4095

30369,4095

30389,4095

30409,4095

30429,4095

30449,4095

30469,4095

30489,4095

30509,4095

30529,4095

30549,4095

30569,4095

30589,4095

30609,4095

30629,4095

30649,4095

30669,4095

30689,4095

30709,4095

30729,4095

30749,4095

30769,4095

30789,4095

30809,4095

30829,4095

30849,4095

30869,4095

30889,4095

30909,4095

30929,4095

30949,4095

30969,4095

30989,4095

31009,4095

31029,4095

31049,4095

31069,4095

31089,4095

31109,4095

31129,4095

31149,4095

31169,4095

31189,4095

31209,4095

31229,4095

31249,4095

31269,4095

31289,4095

31309,3696

31329,4095

31349,4095

31369,4095

31389,4095

31409,4095

31429,4095

31449,4095

31469,4095

31489,4095

31509,4095

31529,4095

31549,4095

31569,4095

31589,4095

31609,4095

31629,4095

31649,4095

31669,4095

31689,4095

31709,4095

31729,4095

31749,4095

31769,4095

31789,4095

31809,4095

31829,4095

31849,4095

31869,4095

31889,4095

31909,4095

31929,4095

31949,4095

31969,4095

31989,4095

32009,4095

32029,4095

32049,4095

32069,4095

32089,4095

32109,4095

32129,4095

32149,4095

32169,4095

32189,4095

32209,4095

32229,4095

32249,4095

32269,4095

32289,4095

32309,4095

32329,4095

32349,4095

32369,4095

32389,4095

32409,4095

32429,4095

32449,4095

32469,4095

32489,4095

32509,4095

32529,4095

32549,4095

32569,4095

32589,4095

32609,4095

32629,4095

32649,4095

32669,4095

32689,4095

32709,4095

32729,4095

32749,4095

32769,4095

32789,4095

32809,4095

32829,4095

32849,4095

32869,4095

32889,4095

32909,4095

32929,4095

32949,4095

32969,4095

32989,4095

33009,4095

33029,4095

33049,4095

33069,4095

33089,4095

33109,4095

33129,4095

33149,4095

33169,4095

33189,4095

33209,4095

33229,4095

33249,4095

33269,4095

33289,4095

33309,4095

33329,4095

33349,4095

33369,4095

33389,4095

33409,4095

33429,4095

33449,4095

33469,4095

33489,4095

33509,4095

33529,4095

33549,4095

33569,4095

33589,4095

33609,4095

33629,4095

33649,4095

33669,4095

33689,4095

33709,4095

33729,4095

33749,4095

33769,4095

33789,4095

33809,4095

33829,4095

33849,4095

33869,4095

33889,4095

33909,4095

33929,4095

33949,4095

33969,4095

33989,4095

34009,4095

34029,4095

34049,4095

34069,4095

34089,4095

34109,4095

34129,4095

34149,4095

34169,4095

34189,4095

34209,4095

34229,4095

34249,4095

34269,4095

34289,4095

34309,4095

34329,4095

34349,4095

34369,4095

34389,4095

34409,4095

34429,4095

34449,4095

34469,4095

34489,4095

34509,4095

34529,4095

34549,4095

34569,4095

34589,4095

34609,4095

34629,4095

34649,4095

34669,4095

34689,4095

34709,4095

34729,4095

34749,4095

34769,4095

34789,4095

34809,4095

34829,4095

34849,4095

34869,4095

34889,4095

34909,4095

34929,4095

34949,4095

34969,4095

34989,4095

35009,4095

35029,4095

35049,4095

35069,4095

35089,4095

35109,4095

35129,4095

35149,4095

35169,4095

35189,4095

35209,4095

35229,4095

35249,4095

35269,4095

35289,4095

35309,4095

35329,4095

35349,4095

35369,4095

35389,4095

35409,4095

35429,4095

35449,4095

35469,4016

35489,4095

35509,4095

35529,4095

35549,4095

35569,4095

35589,4095

35609,4095

35629,4095

35649,4095

35669,4095

35689,4095

35709,4095

35729,4095

35749,4095

35769,4095

35789,4095

35809,4095

35829,4095

35849,4095

35869,4095

35889,4095

35909,4095

35929,4095

35949,4095

35969,4095

35989,4095

36009,4095

36029,4095

36049,4095

36069,4095

36089,4095

36109,4095

36129,4095

36149,4095

36169,4095

36189,4095

36209,4095

36229,4095

36249,4095

36269,4095

36289,4095

36309,4095

36329,4095

36349,4095

36369,4095

36389,4095

36409,4095

36429,4095

36449,4095

36469,4095

36489,4095

36509,4095

36529,4095

36549,4095

36569,4095

36589,4095

36609,4095

36629,4095

36649,4095

36669,4095

36689,4095

36709,4095

36729,4095

36749,4095

36769,3817

36789,4095

36809,4095

36829,4095

36849,4095

36869,4079

36889,4095

36909,4095

36929,4095

36949,4095

36969,4095

36989,4095

37009,4095

37029,4095

37049,4095

37069,4095

37089,4095

37109,4095

37129,4095

37149,4095

37169,4095

37189,4095

37209,4095

37229,4095

37249,4095

37269,4095

37289,4095

37309,4095

37329,4095

37349,4095

37369,4095

37389,4095

37409,4095

37429,4095

37449,4095

37469,4095

37489,4095

37509,4095

37529,4095

37549,4095

37569,4095

37589,4095

37609,4095

37629,4095

37649,4095

37669,4095

37689,4095

37709,4095

37729,4095

37749,4095

37769,4095

37789,4095

37809,4095

37829,4095

37849,4095

37869,4095

37889,4095

37909,4095

37929,4095

37949,4095

37969,4095

37989,4095

38009,4095

38029,4095

38049,4095

38069,4095

38089,4095

38109,4095

38129,4095

38149,4095

38169,4095

38189,3881

38209,4095

38229,4095

38249,4095

38269,4095

38289,4095

38309,4095

38329,4095

38349,4095

38369,4095

38389,4095

38409,4095

38429,4095

38449,4095

38469,4095

38489,4095

38509,4095

38529,4095

38549,4095

38569,4095

38589,4095

38609,4095

38629,4095

38649,4095

38669,4095

38689,4095

38709,4095

38729,4095

38749,4095

38769,4095

38789,4095

38809,4095

38829,4095

38849,4095

38869,4095

38889,4095

38909,4095

38929,4095

38949,4095

38969,4095

38989,4095

39009,4095

39029,4095

39049,4095

39069,4095

39089,4095

39109,4095

39129,4095

39149,4095

39169,4095

39189,4095

39209,4095

39229,4095

39249,4095

39269,4095

39289,4095

39309,4095

39329,4095

39349,4095

39369,4095

39389,4095

39409,4095

39429,4095

39449,4095

39469,4095

39489,4095

39509,4095

39529,4095

39549,4095

39569,4095

39589,4095

39609,4095

39629,4095

39649,4095

39669,4095

39689,4095

39709,4095

39729,4095

39749,4095

39769,4095

39789,4095

39809,4095

39829,4095

39849,4095

39869,4095

39889,4095

39909,4095

39929,4095

39949,4095

39969,4095

39989,4095

40009,4095

40029,4095

40049,4095

40069,4095

40089,4095

40109,4095

40129,4095

40149,4095

40169,4095

40189,4095

40209,4095

40229,4095

40249,4095

40269,4095

40289,4095

40309,4095

40329,4095

40349,4095

40369,4095

40389,4095

40409,4095

40429,4095

40449,4095

40469,4095

40489,4095

40509,4095

40529,4095

40549,4095

40569,4095

40589,4095

40609,4095

40629,4095

40649,4095

40669,4095

40689,4095

40709,4095

40729,4095

40749,4095

40769,4095

40789,4095

40809,4095

40829,4095

40849,4095

40869,4095

40889,4095

40909,4059

40929,4095

40949,4095

40969,4095

40989,4095

41009,4095

41029,4095

41049,4095

41069,4095

41089,4095

41109,4095

41129,4095

41149,4095

41169,4095

41189,4095

41209,4095

41229,4095

41249,4095

41269,4095

41289,4095

41309,4095

41329,4095

41349,4095

41369,4095

41389,4095

41409,4095

41429,4095

41449,4095

41469,4095

41489,4095

41509,4095

41529,4095

41549,4095

41569,4095

41589,4095

41609,4095

41629,4095

41649,4095

41669,4095

41689,4095

41709,4095

41729,4095

41749,4095

41769,4095

41789,4095

41809,4095

41829,4095

41849,4095

41869,4095

41889,4095

41909,4095

41929,4095

41949,4095

41969,4095

41989,4055

42009,4095

42029,4095

42049,4095

42069,4095

42089,4095

42109,4095

42129,4095

42149,4095

42169,4095

42189,4042

42209,4095

42229,4095

42249,4095

42269,4095

42289,4095

42309,4095

42329,4095

42349,4095

42369,4095

42389,4095

42409,4095

42429,4095

42449,4095

42469,4095

42489,4095

42509,4095

42529,4095

42549,4095

42569,4095

42589,4095

42609,4095

42629,4095

42649,4095

42669,4095

42689,4095

42709,4095

42729,4095

42749,4095

42769,4095

42789,4095

42809,4095

42829,4095

42849,4095

42869,4095

42889,4095

42909,4095

42929,4095

42949,4095

42969,4095

42989,4095

43009,4095

43029,4095

43049,4095

43069,4095

43089,4095

43109,4095

43129,4095

43149,4095

43169,4095

43189,4095

43209,4095

43229,4095

43249,4095

43269,4095

43289,4095

43309,4095

43329,4095

43349,4095

43369,4095

43389,4095

43409,4095

43429,4095

43449,4071

43469,4095

43489,4095

43509,3967

43529,4095

43549,4095

43569,4095

43589,4095

43609,4095

43629,4095

43649,4095

43669,4095

43689,4095

43709,4095

43729,4095

43749,4095

43769,4095

43789,4095

43809,4095

43829,4095

43849,4095

43869,4095

43889,4095

43909,4095

43929,4095

43949,4095

43969,4095

43989,4095

44009,4095

44029,4095

44049,4095

44069,4095

44089,4095

44109,4095

44129,4095

44149,4095

44169,4095

44189,4095

44209,4095

44229,4095

44249,4095

44269,4095

44289,4095

44309,4095

44329,4095

44349,4095

44369,4095

44389,4095

44409,4095

44429,4095

44449,4095

44469,4095

44489,4095

44509,4095

44529,4095

44549,4095

44569,4095

44589,4095

44609,4095

44629,4095

44649,4095

44669,4095

44689,4095

44709,4095

44729,4095

44749,4095

44769,4095

44789,4095

44809,4095

44829,4095

44849,4095

44869,4095

44889,4095

44909,4095

44929,4095

44949,4095

44969,4095

44989,4095

45009,4095

45029,4095

45049,4095

45069,4095

45089,4095

45109,4095

45129,4095

45149,4095

45169,4095

45189,4095

45209,4095

45229,4095

45249,4095

45269,4095

45289,4095

45309,4095

45329,4095

45349,4095

45369,4095

45389,4095

45409,4095

45429,4095

45449,4095

45469,4095

45489,4095

45509,4095

45529,4095

45549,4095

45569,4095

45589,4095

45609,4095

45629,4095

45649,4095

45669,4095

45689,4095

45709,4095

45729,4095

45749,4095

45769,4095

45789,4095

45809,4095

45829,4095

45849,4095

45869,4095

45889,4095

45909,4095

45929,4095

45949,4095

45969,4095

45989,4095

46009,4095

46029,4095

46049,4095

46069,4095

46089,4095

46109,4095

46129,4095

46149,4095

46169,4095

46189,4095

46209,4095

46229,4095

46249,4095

46269,4095

46289,4095

46309,4095

46329,4095

46349,4095

46369,4095

46389,4095

46409,4095

46429,4095

46449,4095

46469,4095

46489,4095

46509,4095

46529,4095

46549,4095

46569,4095

46589,4095

46609,4095

46629,4095

46649,4095

46669,4095

46689,4095

46709,4095

46729,4095

46749,4095

46769,4095

46789,4095

46809,4095

46829,4095

46849,4095

46869,4095

46889,4095

46909,4095

46929,4095

46949,4095

46969,4095

46989,4095

47009,4095

47029,4095

47049,4095

47069,4095

47089,4095

47109,4095

47129,4095

47149,4095

47169,4095

47189,4095

47209,4095

47229,4095

47249,4095

47269,4095

47289,4095

47309,4095

47329,4095

47349,4095

47369,4095

47389,4095

47409,4095

47429,4095

47449,4095

47469,4095

47489,4044

47509,4059

47529,4022

47549,4001

47569,3954

47589,4029

47609,4032

47629,3950

47649,3969

47669,3954

47689,4000

47709,3989

47729,3989

47749,3971

47769,3965

47789,3966

47809,3997

47829,3991

47849,3967

47869,3953

47889,3959

47909,3940

47929,3936

47949,3941

47969,3955

47989,3963

48009,3962

48029,3978

48049,3984

48069,3982

48089,3997

48109,4006

48129,4017

48149,4041

48169,4048

48189,4054

48209,4075

48229,4047

48249,4015

48269,4049

48289,4043

48309,4040

48329,4039

48349,4048

48369,4048

48389,3994

48409,4045

48429,4016

48449,4005

48469,4037

48489,3978

48509,4016

48529,4018

48549,4026

48569,4028

48589,4007

48609,3986

48629,3952

48649,3991

48669,3957

48689,3999

48709,3959

48729,4000

48749,4001

48769,3966

48789,3959

48809,3993

48829,4014

48849,4007

48869,3997

48889,4011

48909,3995

48929,3939

48949,4065

48969,3981

48989,4095

49009,4055

49029,4015

49049,4051

49069,4035

49089,4081

49109,4045

49129,4035

49149,4061

49169,4074

49189,4093

49209,4095

49229,4095

49249,4095

49269,4095

49289,4095

49309,4095

49329,4095

49349,4095

49369,4095

49389,4095

49409,4095

49429,4095

49449,4095

49469,4095

49489,4095

49509,4095

49529,4095

49549,4095

49569,4095

49589,4095

49609,4095

49629,4095

49649,4095

49669,4095

49689,4095

49709,4095

49729,4095

49749,4095

49769,4095

49789,4095

49809,4095

49829,4095

49849,4095

49869,4095

49889,3978

49909,3906

49929,3823

49949,3730

49969,3702

49989,3673

50009,3664

50029,3679

50049,3648

50069,3681

50089,3645

50109,3633

50129,3636

50149,3635

50169,3664

50189,3616

50209,3664

50229,3637

50249,3697

50269,3856

50289,3799

50309,3854

50329,3877

50349,3930

50369,3971

50389,4002

50409,4007

50429,3970

50449,3953

50469,3983

50489,3969

50509,3735

50529,3793

50549,3680

50569,3427

50589,3428

50609,3381

50629,3693

50649,3765

50669,3824

50689,4048

50709,4095

50729,4095

50749,4095

50769,4095

50789,4095

50809,4095

50829,4095

50849,4095

50869,4095

50889,4095

50909,4074

50929,3998

50949,3957

50969,3952

50989,3601

51009,3409

51029,3381

51049,3417

51069,3397

51089,3437

51109,3456

51129,3504

51149,3531

51169,3456

51189,3459

51209,3478

51229,3598

51249,3602

51269,3539

51289,3537

51309,3453

51329,3478

51349,3506

51369,3520

51389,3382

51409,3376

51429,3370

51449,3389

51469,3360

51489,3330

51509,3392

51529,3407

51549,3405

51569,3364

51589,3307

51609,3328

51629,3327

51649,3319

51669,3381

51689,3429

51709,3695

51729,4095

51749,4095

51769,4095

51789,4095

51809,4095

51829,4095

51849,4095

51869,4095

51889,4095

51909,4095

51929,4095

51949,4095

51969,4095

51989,4095

52009,4095

52029,4095

52049,4095

52069,4095

52089,4095

52109,4095

52129,4095

52149,4095

52169,4095

52189,4095

52209,4095

52229,4095

52249,4095

52269,4095

52289,4095

52309,4095

52329,4095

52349,4095

52369,4095

52389,4095

52409,4095

52429,4095

52449,4095

52469,4095

52489,4095

52509,4095

52529,4095

52549,4095

52569,4095

52589,4095

52609,4095

52629,4095

52649,4095

52669,4095

52689,4095

52709,4095

52729,4095

52749,4095

52769,4095

52789,4095

t_ms,s

19929,0

19949,0

19969,0

19989,0

20009,0

20029,0

20049,0

20069,0

20089,0

20109,0

20129,0

20149,0

20169,0

20189,0

20209,3

20229,0

20249,0

20269,0

20289,0

20309,0

20329,0

20349,0

20369,0

20389,0

20409,0

20429,0

20449,0

20469,0

20489,0

20509,0

20529,0

20549,0

20569,0

20589,0

20609,0

20629,0

20649,0

20669,0

20689,0

20709,0

20729,0

20749,0

20769,0

20789,0

20809,0

20829,0

20849,0

20869,0

20889,0

20909,0

20929,0

20949,0

20969,0

20989,0

21009,0

21029,0

21049,0

21069,0

21089,0

21109,0

21129,0

21149,0

21169,0

21189,0

21209,0

21229,0

21249,0

21269,0

21289,0

21309,0

21329,0

21349,0

21369,0

21389,0

21409,0

21429,0

21449,0

21469,0

21489,0

21509,0

21529,0

21549,0

21569,0

21589,0

21609,0

21629,0

21649,0

21669,0

21689,0

21709,0

21729,0

21749,0

21769,0

21789,0

21809,0

21829,0

21849,0

21869,0

21889,0

21909,0

21929,0

21949,0

21969,0

21989,0

22009,0

22029,0

22049,0

22069,0

22089,0

22109,0

22129,0

22149,0

22169,0

22189,0

22209,0

22229,0

22249,0

22269,0

22289,0

22309,0

22329,0

22349,0

22369,0

22389,0

22409,0

22429,0

22449,0

22469,0

22489,0

22509,0

22529,0

22549,0

22569,0

22589,0

22609,0

22629,0

22649,0

22669,0

22689,0

22709,0

22729,0

22749,0

22769,0

22789,0

22809,0

22829,0

22849,0

22869,0

22889,0

22909,0

22929,0

22949,0

22969,0

22989,0

23009,0

23029,0

23049,0

23069,0

23089,0

23109,0

23129,0

23149,0

23169,0

23189,0

23209,0

23229,0

23249,0

23269,0

23289,0

23309,0

23329,0

23349,0

23369,0

23389,0

23409,0

23429,0

23449,0

23469,0

23489,0

23509,0

23529,0

23549,0

23569,0

23589,0

23609,0

23629,0

23649,0

23669,0

23689,0

23709,0

23729,0

23749,0

23769,0

23789,0

23809,0

23829,0

23849,0

23869,0

23889,0

23909,0

23929,0

23949,0

23969,0

23989,0

24009,0

24029,0

24049,0

24069,0

24089,0

24109,0

24129,0

24149,0

24169,0

24189,0

24209,0

24229,0

24249,0

24269,0

24289,0

24309,0

24329,0

24349,0

24369,0

24389,0

24409,0

24429,0

24449,0

24469,0

24489,0

24509,0

24529,0

24549,0

24569,0

24589,0

24609,0

24629,0

24649,0

24669,47

24689,0

24709,0

24729,0

24749,0

24769,0

24789,0

24809,0

24829,0

24849,0

24869,0

24889,0

24909,0

24929,0

24949,0

24969,0

24989,0

25009,0

25029,0

25049,0

25069,0

25089,0

25109,0

25129,0

25149,0

25169,0

25189,0

25209,0

25229,0

25249,0

25269,0

25289,0

25309,0

25329,0

25349,0

25369,0

25389,0

25409,0

25429,0

25449,0

25469,0

25489,0

25509,0

25529,0

25549,0

25569,0

25589,0

25609,0

25629,0

25649,0

25669,0

25689,0

25709,0

25729,0

25749,0

25769,0

25789,0

25809,0

25829,0

25849,0

25869,0

25889,0

25909,0

25929,0

25949,0

25969,0

25989,0

26009,0

26029,0

26049,0

26069,0

26089,0

26109,0

26129,0

26149,0

26169,0

26189,0

26209,0

26229,0

26249,0

26269,0

26289,0

26309,0

26329,0

26349,0

26369,0

26389,0

26409,0

26429,0

26449,0

26469,0

26489,0

26509,0

26529,0

26549,0

26569,0

26589,0

26609,0

26629,0

26649,0

26669,0

26689,0

26709,0

26729,0

26749,0

26769,0

26789,0

26809,0

26829,0

26849,0

26869,0

26889,0

26909,0

26929,0

26949,0

26969,0

26989,0

27009,0

27029,0

27049,0

27069,0

27089,0

27109,0

27129,0

27149,0

27169,0

27189,0

27209,0

27229,0

27249,0

27269,0

27289,0

27309,0

27329,0

27349,0

27369,0

27389,0

27409,0

27429,0

27449,0

27469,0

27489,0

27509,0

27529,0

27549,0

27569,0

27589,0

27609,0

27629,0

27649,0

27669,0

27689,0

27709,0

27729,0

27749,0

27769,0

27789,0

27809,0

27829,0

27849,0

27869,0

27889,0

27909,0

27929,0

27949,0

27969,0

27989,0

28009,0

28029,0

28049,0

28069,0

28089,0

28109,0

28129,0

28149,0

28169,0

28189,0

28209,0

28229,0

28249,0

28269,0

28289,0

28309,0

28329,0

28349,0

28369,0

28389,0

28409,0

28429,0

28449,0

28469,0

28489,0

28509,0

28529,0

28549,0

28569,0

28589,0

28609,0

28629,0

28649,0

28669,0

28689,0

28709,0

28729,0

28749,0

28769,0

28789,0

28809,0

28829,0

28849,0

28869,0

28889,0

28909,0

28929,0

28949,0

28969,0

28989,0

29009,0

29029,0

29049,0

29069,0

29089,0

29109,0

29129,0

29149,0

29169,0

29189,0

29209,0

29229,0

29249,0

29269,0

29289,0

29309,0

29329,0

29349,0

29369,0

29389,0

29409,0

29429,0

29449,0

29469,0

29489,0

29509,0

29529,0

29549,0

29569,0

29589,0

29609,0

29629,0

29649,0

29669,0

29689,0

29709,0

29729,0

29749,0

29769,0

29789,0

29809,0

29829,0

29849,0

29869,0

29889,0

29909,0

29929,0

29949,0

29969,0

29989,0

30009,0

30029,0

30049,0

30069,0

30089,0

30109,0

30129,0

30149,0

30169,0

30189,0

30209,0

30229,0

30249,0

30269,0

30289,0

30309,0

30329,0

30349,0

30369,0

30389,0

30409,0

30429,0

30449,0

30469,0

30489,0

30509,0

30529,0

30549,0

30569,0

30589,0

30609,0

30629,0

30649,0

30669,0

30689,0

30709,0

30729,0

30749,0

30769,0

30789,0

30809,0

30829,0

30849,0

30869,0

30889,0

30909,0

30929,0

30949,0

30969,0

30989,0

31009,0

31029,0

31049,0

31069,0

31089,0

31109,0

31129,0

31149,0

31169,0

31189,0

31209,0

31229,0

31249,0

31269,0

31289,0

31309,0

31329,0

31349,0

31369,0

31389,0

31409,0

31429,0

31449,0

31469,0

31489,0

31509,0

31529,0

31549,0

31569,0

31589,0

31609,0

31629,0

31649,0

31669,0

31689,0

31709,0

31729,0

31749,0

31769,0

31789,0

31809,0

31829,0

31849,0

31869,0

31889,0

31909,0

31929,0

31949,0

31969,0

31989,0

32009,0

32029,0

32049,0

32069,0

32089,4095

32109,4095

32129,4095

32149,4095

32169,4095

32189,4095

32209,4095

32229,4095

32249,4095

32269,4095

32289,4095

32309,4095

32329,4095

32349,4095

32369,4095

32389,4095

32409,0

32429,0

32449,0

32469,0

32489,0

32509,0

32529,0

32549,0

32569,0

32589,0

32609,0

32629,0

32649,0

32669,0

32689,0

32709,0

32729,0

32749,0

32769,0

32789,0

32809,0

32829,0

32849,0

32869,0

32889,0

32909,0

32929,0

32949,0

32969,0

32989,0

33009,0

33029,0

33049,4095

33069,4095

33089,4095

33109,4095

33129,4095

33149,4095

33169,4095

33189,4095

33209,4095

33229,4095

33249,4095

33269,4095

33289,4095

33309,4095

33329,4095

33349,4095

33369,4095

33389,4095

33409,4095

33429,4095

33449,4095

33469,0

33489,0

33509,0

33529,0

33549,0

33569,0

33589,0

33609,0

33629,0

33649,0

33669,0

33689,0

33709,0

33729,0

33749,0

33769,0

33789,0

33809,0

33829,0

33849,0

33869,0

33889,0

33909,0

33929,0

33949,0

33969,0

33989,0

34009,0

34029,0

34049,0

34069,0

34089,0

34109,0

34129,0

34149,0

34169,0

34189,0

34209,0

34229,0

34249,0

34269,0

34289,0

34309,0

34329,0

34349,0

34369,0

34389,0

34409,0

34429,0

34449,0

34469,0

34489,0

34509,0

34529,4095

34549,4095

34569,4095

34589,4095

34609,4095

34629,4095

34649,4095

34669,4095

34689,0

34709,0

34729,0

34749,0

34769,0

34789,0

34809,0

34829,0

34849,4095

34869,4095

34889,4095

34909,4095

34929,4095

34949,4095

34969,4095

34989,4095

35009,4095

35029,4095

35049,0

35069,0

35089,0

35109,0

35129,0

35149,0

35169,0

35189,0

35209,0

35229,0

35249,0

35269,0

35289,0

35309,0

35329,0

35349,0

35369,0

35389,0

35409,0

35429,0

35449,0

35469,0

35489,0

35509,0

35529,0

35549,0

35569,0

35589,0

35609,0

35629,0

35649,0

35669,0

35689,0

35709,0

35729,0

35749,0

35769,0

35789,0

35809,0

35829,0

35849,0

35869,0

35889,0

35909,0

35929,0

35949,0

35969,0

35989,0

36009,0

36029,0

36049,0

36069,0

36089,0

36109,0

36129,0

36149,0

36169,0

36189,0

36209,0

36229,0

36249,0

36269,0

36289,0

36309,0

36329,0

36349,0

36369,0

36389,0

36409,0

36429,0

36449,0

36469,0

36489,0

36509,0

36529,0

36549,0

36569,0

36589,0

36609,0

36629,0

36649,0

36669,0

36689,0

36709,0

36729,0

36749,0

36769,0

36789,0

36809,0

36829,0

36849,0

36869,0

36889,0

36909,0

36929,0

36949,0

36969,0

36989,0

37009,0

37029,0

37049,0

37069,0

37089,0

37109,0

37129,0

37149,0

37169,0

37189,0

37209,0

37229,0

37249,0

37269,0

37289,0

37309,0

37329,0

37349,0

37369,0

37389,0

37409,4095

37429,4095

37449,4095

37469,4095

37489,4095

37509,4095

37529,4095

37549,4095

37569,4095

37589,4095

37609,4095

37629,4095

37649,4095

37669,4095

37689,4095

37709,4095

37729,4095

37749,4095

37769,4095

37789,4095

37809,4095

37829,4095

37849,4095

37869,4095

37889,4095

37909,4095

37929,4095

37949,4095

37969,4095

37989,4095

38009,4095

38029,4095

38049,4095

38069,4095

38089,4095

38109,4095

38129,4095

38149,4095

38169,4095

38189,4095

38209,4095

38229,4095

38249,4095

38269,4095

38289,4095

38309,4095

38329,4095

38349,4095

38369,4095

38389,4095

38409,4095

38429,4095

38449,4095

38469,4095

38489,4095

38509,4095

38529,4095

38549,4095

38569,4095

38589,4095

38609,4095

38629,4095

38649,4095

38669,4095

38689,4095

38709,4095

38729,4095

38749,4095

38769,4095

38789,4095

38809,4095

38829,4095

38849,4095

38869,4095

38889,4095

38909,4095

38929,4095

38949,4095

38969,4095

38989,4095

39009,4095

39029,4095

39049,4095

39069,4095

39089,4095

39109,4095

39129,4095

39149,4095

39169,4095

39189,4095

39209,4095

39229,4095

39249,4095

39269,4095

39289,4095

39309,4095

39329,0

39349,0

39369,0

39389,0

39409,0

39429,0

39449,0

39469,0

39489,0

39509,0

39529,0

39549,0

39569,0

39589,0

39609,0

39629,0

39649,0

39669,0

39689,0

39709,0

39729,0

39749,0

39769,4095

39789,4095

39809,4095

39829,4095

39849,4095

39869,4095

39889,4095

39909,4095

39929,4095

39949,4095

39969,4095

39989,4095

40009,4095

40029,4095

40049,4095

40069,4095

40089,4095

40109,4095

40129,4095

40149,4095

40169,4095

40189,0

40209,0

40229,0

40249,0

40269,0

40289,0

40309,0

40329,0

40349,0

40369,0

40389,0

40409,0

40429,0

40449,0

40469,0

40489,0

40509,0

40529,0

40549,4095

40569,4095

40589,4095

40609,4095

40629,4095

40649,4095

40669,4095

40689,4095

40709,4095

40729,4095

40749,4095

40769,4095

40789,4095

40809,4095

40829,4095

40849,4095

40869,4095

40889,0

40909,0

40929,0

40949,0

40969,0

40989,0

41009,0

41029,0

41049,0

41069,0

41089,0

41109,0

41129,0

41149,0

41169,0

41189,0

41209,4095

41229,4095

41249,4095

41269,4095

41289,4095

41309,4095

41329,4095

41349,4095

41369,4095

41389,4095

41409,4095

41429,4095

41449,4095

41469,4095

41489,4095

41509,4095

41529,0

41549,0

41569,0

41589,0

41609,0

41629,0

41649,0

41669,0

41689,0

41709,0

41729,0

41749,0

41769,0

41789,0

41809,0

41829,0

41849,4095

41869,4095

41889,4095

41909,4095

41929,4095

41949,4095

41969,4095

41989,4095

42009,4095

42029,4095

42049,4095

42069,4095

42089,4095

42109,4095

42129,4095

42149,4095

42169,4095

42189,4095

42209,4095

42229,4095

42249,4095

42269,4095

42289,4095

42309,4095

42329,4095

42349,4095

42369,4095

42389,4095

42409,4095

42429,4095

42449,4095

42469,4095

42489,4095

42509,4095

42529,4095

42549,4095

42569,4095

42589,4095

42609,4095

42629,4095

42649,4095

42669,4095

42689,4095

42709,4095

42729,4095

42749,4095

42769,4095

42789,4095

42809,4095

42829,4095

42849,4095

42869,4095

42889,4095

42909,4095

42929,4095

42949,4095

42969,4095

42989,4095

43009,4095

43029,4095

43049,4095

43069,4095

43089,4095

43109,4095

43129,4095

43149,4095

43169,4095

43189,4095

43209,4095

43229,4095

43249,4095

43269,4095

43289,4095

43309,4095

43329,4095

43349,4095

43369,4095

43389,4095

43409,4095

43429,4095

43449,4095

43469,4095

43489,4095

43509,4095

43529,4095

43549,4095

43569,4095

43589,4095

43609,4095

43629,4095

43649,4095

43669,4095

43689,4095

43709,4095

43729,4095

43749,4095

43769,4095

43789,4095

43809,4095

43829,4095

43849,4095

43869,4095

43889,4095

43909,4095

43929,4095

43949,4095

43969,4095

43989,4095

44009,4095

44029,4095

44049,4095

44069,4095

44089,4095

44109,4095

44129,4095

44149,4095

44169,4095

44189,4095

44209,4095

44229,4095

44249,4095

44269,4095

44289,4095

44309,4095

44329,4095

44349,4095

44369,4095

44389,4095

44409,4095

44429,4095

44449,4095

44469,4095

44489,4095

44509,4095

44529,4095

44549,4095

44569,4095

44589,4095

44609,4095

44629,4095

44649,4095

44669,4095

44689,4095

44709,4095

44729,4095

44749,4095

44769,4095

44789,4095

44809,4095

44829,4095

44849,4095

44869,4095

44889,4095

44909,4095

44929,4095

44949,4095

44969,4095

44989,4095

45009,4095

45029,4095

45049,4095

45069,4095

45089,4095

45109,4095

45129,4095

45149,4095

45169,4095

45189,4095

45209,4095

45229,4095

45249,4095

45269,4095

45289,4095

45309,4095

45329,4095

45349,4095

45369,4095

45389,4095

45409,4095

45429,4095

45449,4095

45469,4095

45489,4095

45509,4095

45529,4095

45549,4095

45569,4095

45589,4095

45609,4095

45629,4095

45649,4095

45669,4095

45689,4095

45709,4095

45729,4095

45749,4095

45769,4095

45789,4095

45809,4095

45829,4095

45849,4095

45869,4095

45889,4095

45909,4095

45929,4095

45949,4095

45969,4095

45989,4095

46009,4095

46029,4095

46049,4095

46069,4095

46089,4095

46109,4095

46129,4095

46149,4095

46169,4095

46189,4095

46209,4095

46229,4095

46249,4095

46269,4095

46289,4095

46309,4095

46329,4095

46349,4095

46369,4095

46389,4095

46409,4095

46429,4095

46449,4095

46469,4095

46489,4095

46509,4095

46529,4095

46549,4095

46569,4095

46589,4095

46609,4095

46629,4095

46649,4095

46669,4095

46689,4095

46709,4095

46729,4095

46749,4095

46769,4095

46789,4095

46809,4095

46829,4095

46849,4095

46869,4095

46889,4095

46909,4095

46929,4095

46949,4095

46969,4095

46989,4095

47009,4095

47029,4095

47049,4095

47069,4095

47089,4095

47109,4095

47129,4095

47149,4095

47169,4095

47189,4095

47209,4095

47229,4095

47249,4095

47269,4095

47289,4095

47309,4095

47329,4095

47349,4095

47369,4095

47389,4095

47409,4095

47429,4095

47449,4095

47469,4095

47489,4095

47509,4095

47529,4095

47549,4095

47569,4095

47589,4095

47609,4095

47629,4095

47649,4095

47669,4095

47689,4095

47709,4095

47729,4095

47749,4095

47769,4095

47789,4095

47809,4095

47829,4095

47849,4095

47869,4095

47889,4095

47909,4095

47929,4095

47949,4095

47969,4095

47989,4095

48009,4095

48029,4095

48049,4095

48069,4095

48089,4095

48109,4095

48129,4095

48149,4095

48169,4095

48189,4095

48209,4095

48229,4095

48249,4095

48269,4095

48289,4095

48309,4095

48329,4095

48349,4095

48369,4095

48389,4095

48409,4095

48429,4095

48449,4095

48469,4095

48489,4095

48509,4095

48529,4095

48549,4095

48569,4095

48589,4095

48609,4095

48629,4095

48649,4095

48669,4095

48689,4095

48709,4095

48729,4095

48749,4095

48769,4095

48789,4095

48809,4095

48829,4095

48849,4095

48869,4095

48889,4095

48909,4095

48929,4095

48949,4095

48969,4095

48989,4095

49009,4095

49029,4095

49049,4095

49069,4095

49089,4095

49109,4095

49129,4095

49149,4095

49169,4095

49189,4095

49209,4095

49229,4095

49249,4095

49269,4095

49289,4095

49309,4095

49329,4095

49349,4095

49369,4095

49389,4095

49409,4095

49429,4095

49449,4095

49469,4095

49489,4095

49509,4095

49529,4095

49549,4095

49569,4095

49589,4095

49609,4095

49629,4095

49649,4095

49669,4095

49689,4095

49709,4095

49729,4095

49749,4095

49769,4095

49789,4095

49809,4095

49829,4095

49849,4095

49869,4095

49889,4095

49909,4095

49929,4095

49949,4095

49969,4095

49989,4095

50009,4095

50029,4095

50049,4095

50069,4095

50089,4095

50109,4095

50129,4095

50149,4095

50169,4095

50189,4095

50209,4095

50229,4095

50249,4095

50269,4095

50289,4095

50309,4095

50329,4095

50349,4095

50369,4095

50389,4095

50409,4095

50429,0

50449,0

50469,0

50489,0

50509,0

50529,0

50549,0

50569,0

50589,0

50609,0

50629,0

50649,0

50669,0

50689,0

50709,0

50729,0

50749,0

50769,0

50789,0

50809,0

50829,0

50849,0

50869,0

50889,0

50909,0

50929,0

50949,0

50969,0

50989,0

51009,0

51029,0

51049,0

51069,0

51089,0

51109,0

51129,4095

51149,4095

51169,4095

51189,4095

51209,4095

51229,4095

51249,4095

51269,4095

51289,4095

51309,4095

51329,4095

51349,4095

51369,4095

51389,4095

51409,4095

51429,4095

51449,4095

51469,4095

51489,4095

51509,4095

51529,4095

51549,4095

51569,4095

51589,4095

51609,4095

51629,4095

51649,4095

51669,4095

51689,4095

51709,4095

51729,4095

51749,4095

51769,0

51789,0

51809,0

51829,0

51849,0

51869,0

51889,0

51909,0

51929,0

51949,0

51969,0

51989,0

52009,0

52029,0

52049,0

52069,0

52089,0

52109,0

52129,0

52149,0

52169,0

52189,0

52209,4095

52229,4095

52249,4095

52269,4095

52289,4095

52309,4095

52329,4095

52349,4095

52369,4095

52389,4095

52409,4095

52429,4095

52449,4095

52469,4095

52489,4095

52509,4095

52529,4095

52549,4095

52569,4095

52589,4095

52609,4095

52629,4095

52649,4095

52669,4095

52689,4095

52709,4095

52729,4095

52749,4095

52769,4095

52789,4095

52809,4095

52829,4095

52849,4095

52869,4095

52889,4095

52909,4095

52929,4095

52949,4095

52969,4095

52989,4095

53009,4095

53029,4095

53049,4095

53069,4095

53089,4095

53109,4095

53129,4095

53149,0

53169,0

53189,0

53209,0

53229,0

53249,0

53269,0

53289,0

53309,0

53329,0

53349,0

53369,0

53389,0

53409,0

53429,0

53449,0

53469,0

53489,4095

53509,4095

53529,4095

53549,4095

53569,4095

53589,4095

53609,4095

53629,4095

53649,4095

53669,4095

53689,4095

53709,4095

53729,4095

53749,4095

53769,4095

53789,4095

53809,4095

53829,4095

53849,4095

53869,4095

53889,0

53909,0

53929,0

53949,0

53969,0

53989,0

54009,0

54029,0

54049,0

54069,0

54089,0

54109,0

54129,0

54149,0

54169,0

54189,0

54209,0

54229,0

54249,0

54269,0

54289,0

54309,0

54329,4095

54349,4095

54369,4095

54389,4095

54409,4095

54429,4095

54449,4095

54469,4095

54489,4095

54509,4095

54529,4095

54549,4095

54569,4095

54589,4095

54609,4095

54629,4095

54649,4095

54669,4095

54689,4095

54709,0

54729,0

54749,0

54769,0

54789,0

54809,0

54829,0

54849,0

54869,0

54889,0

54909,0

54929,0

54949,0

54969,0

54989,0

55009,0

55029,0

55049,0

55069,0

55089,0

55109,4095

55129,4095

55149,4095

55169,4095

55189,4095

55209,4095

55229,4095

55249,4095

55269,4095

55289,4095

55309,4095

55329,4095

55349,4095

55369,4095

55389,4095

55409,4095

55429,4095

55449,4095

55469,4095

55489,0

55509,0

55529,0

55549,0

55569,0

55589,0

55609,0

55629,0

55649,0

55669,0

55689,0

55709,0

55729,0

55749,0

55769,0

55789,4095

55809,4095

55829,4095

55849,4095

55869,4095

55889,4095

55909,4095

55929,4095

55949,4095

55969,4095

55989,4095

56009,4095

56029,4095

56049,4095

56069,0

56089,0

56109,0

56129,0

56149,0

56169,0

56189,0

56209,0

56229,0

56249,0

56269,0

56289,0

56309,0

56329,0

56349,4095

56369,4095

56389,4095

56409,4095

56429,4095

56449,4095

56469,4095

56489,4095

56509,4095

56529,4095

56549,4095

56569,4095

56589,4095

56609,4095

56629,4095

56649,4095

56669,0

56689,0

56709,0

56729,0

56749,0

56769,0

56789,0

56809,0

56829,0

56849,4095

56869,4095

56889,4095

56909,4095

56929,4095

56949,4095

56969,4095

56989,4095

57009,4095

57029,4095

57049,4095

57069,0

57089,0

57109,0

57129,0

57149,0

57169,0

57189,0

57209,0

57229,4095

57249,4095

57269,4095

57289,4095

57309,4095

57329,4095

57349,4095

57369,4095

57389,4095

57409,0

57429,0

57449,0

57469,0

57489,0

57509,0

57529,0

57549,0

57569,4095

57589,4095

57609,4095

57629,4095

57649,4095

57669,4095

57689,4095

57709,4095

57729,4095

57749,4095

57769,0

57789,0

57809,0

57829,0

57849,0

57869,0

57889,0

57909,4095

57929,4095

57949,4095

57969,4095

57989,4095

58009,4095

58029,4095

58049,4095

58069,4095

58089,4095

58109,4095

58129,4095

58149,4095

58169,0

58189,0

58209,0

58229,0

58249,0

58269,0

58289,0

58309,4095

58329,4095

58349,4095

58369,4095

58389,4095

58409,4095

58429,4095

58449,4095

58469,4095

58489,4095

58509,4095

58529,4095

58549,4095

58569,4095

58589,4095

58609,4095

58629,4095

58649,4095

58669,4095

58689,4095

58709,4095

58729,4095

58749,4095

58769,4095

58789,4095

58809,4095

58829,4095

58849,4095

58869,4095

58889,4095

58909,4095

58929,4095

58949,4095

58969,4095

58989,4095

59009,4095

59029,4095

59049,4095

59069,4095

59089,4095

59109,4095

59129,4095

59149,4095

59169,4095

59189,4095

59209,4095

59229,4095

59249,4095

59269,4095

59289,4095

59309,4095

59329,4095

59349,4095

59369,4095

59389,4095

59409,4095

59429,4095

59449,4095

59469,4095

59489,4095

59509,4095

59529,4095

59549,4095

59569,4095

59589,4095

59609,4095

59629,4095

59649,4095

59669,4095

59689,4095

59709,4095

59729,4095

59749,4095

59769,4095

59789,4095

59809,4095

59829,4095

59849,4095

59869,4095

59889,4095

59909,4095

59929,4095

59949,4095

59969,4095

59989,4095

60009,4095

60029,4095

60049,4095

60069,4095

60089,4095

60109,4095

60129,4095

60149,4095

60169,4095

60189,4095

60209,4095

60229,4095

60249,4095

60269,4095

60289,4095

60309,4095

60329,4095

60349,4095

60369,4095

60389,4095

60409,4095

60429,4095

60449,4095

60469,4095

60489,4095

60509,4095

60529,4095

60549,4095

60569,4095

60589,4095

60609,4095

60629,4095

60649,4095

60669,4095

60689,4095

60709,4095

60729,4095

60749,4095

60769,4095

60789,4095

60809,4095

60829,4095

60849,4095

60869,4095

60889,4095

60909,4095

60929,4095

60949,4095

60969,4095

60989,4095

61009,4095

61029,4095

61049,4095

61069,4095

61089,4095

61109,4095

61129,4095

61149,4095

61169,4095

61189,4095

61209,4095

61229,0

61249,0

61269,0

61289,0

61309,0

61329,0

61349,0

61369,0

61389,0

61409,0

61429,0

61449,0

61469,0

61489,0

61509,0

61529,0

61549,0

61569,0

61589,0

61609,0

61629,0

61649,4095

61669,4095

61689,4095

61709,4095

61729,4095

61749,4095

61769,4095

61789,4095

61809,4095

61829,4095

61849,4095

61869,4095

61889,4095

61909,4095

61929,4095

61949,4095

61969,4095

61989,4095

62009,4095

62029,4095

62049,4095

62069,4095

62089,4095

62109,4095

62129,4095

62149,4095

62169,4095

62189,4095

62209,0

62229,0

62249,0

62269,0

62289,0

62309,0

62329,0

62349,0

62369,0

62389,0

62409,0

62429,0

62449,0

62469,0

62489,0

62509,0

62529,0

62549,0

62569,0

62589,0

62609,0

62629,0

62649,0

62669,0

62689,0

62709,4095

62729,4095

62749,4095

62769,4095

62789,4095

62809,4095

62829,4095

62849,4095

62869,4095

62889,4095

62909,4095

62929,4095

62949,4095

62969,4095

62989,4095

63009,4095

63029,4095

63049,4095

63069,4095

63089,4095

63109,4095

63129,4095

63149,4095

63169,4095

63189,4095

63209,4095

63229,4095

63249,0

63269,0

63289,0

63309,0

63329,0

63349,0

63369,0

63389,0

63409,0

63429,0

63449,0

63469,0

63489,0

63509,4095

63529,4095

63549,4095

63569,4095

63589,4095

63609,4095

63629,4095

63649,4095

63669,4095

63689,4095

63709,4095

63729,4095

63749,4095

63769,4095

63789,4095

63809,4095

63829,4095

63849,4095

63869,4095

63889,4095

63909,0

63929,0

63949,0

63969,4095

63989,4095

64009,4095

64029,4095

64049,4095

64069,4095

64089,0

64109,0

64129,0

64149,0

64169,4095

64189,4095

64209,4095

64229,4095

64249,4095

64269,4095

64289,4095

64309,4095

64329,4095

64349,4095

64369,4095

64389,4095

64409,4095

64429,4095

64449,4095

64469,4095

64489,4095

64509,4095

64529,4095

64549,4095

64569,0

64589,0

64609,0

64629,0

64649,0

64669,0

64689,0

64709,0

64729,0

64749,0

64769,0

64789,0

64809,0

64829,0

64849,0

64869,0

64889,0

64909,0

64929,0

64949,0

64969,0

64989,0

65009,0

65029,0

65049,0

65069,4095

65089,4095

65109,4095

65129,4095

65149,4095

65169,4095

65189,4095

65209,4095

65229,4095

65249,4095

65269,4095

65289,4095

65309,4095

65329,4095

65349,4095

65369,4095

65389,4095

65409,4095

65429,4095

65449,4095

65469,0

65489,0

65509,0

65529,0

65549,0

65569,0

65589,0

65609,0

65629,0

65649,0

65669,0

65689,0

65709,0

65729,0

65749,0

65769,0

65789,0

65809,0

65829,0

65849,4095

65869,4095

65889,4095

65909,4095

65929,4095

65949,4095

65969,4095

65989,4095

66009,4095

66029,4095

66049,4095

66069,4095

66089,4095

66109,4095

66129,4095

66149,4095

66169,4095

66189,4095

66209,4095

66229,4095

66249,4095

66269,0

66289,0

66309,0

66329,0

66349,0

66369,0

66389,0

66409,0

66429,0

66449,0

66469,0

66489,0

66509,0

66529,0

66549,0

66569,0

66589,0

66609,0

66629,0

66649,0

66669,4095

66689,4095

66709,4095

66729,4095

66749,4095

66769,4095

66789,4095

66809,4095

66829,4095

66849,4095

66869,4095

66889,4095

66909,4095

66929,4095

66949,4095

66969,4095

66989,4095

67009,4095

67029,4095

67049,4095

67069,4095

67089,4095

67109,4095

67129,0

67149,0

67169,0

67189,0

67209,0

67229,0

67249,0

67269,0

67289,0

67309,0

67329,0

67349,0

67369,0

67389,0

67409,0

67429,0

67449,0

67469,0

67489,0

67509,4095

67529,4095

67549,4095

67569,4095

67589,4095

67609,4095

67629,4095

67649,4095

67669,4095

67689,4095

67709,4095

67729,4095

67749,4095

67769,4095

67789,4095

67809,4095

67829,4095

67849,4095

67869,4095

67889,4095

67909,0

67929,0

67949,0

67969,0

67989,0

68009,0

68029,0

68049,0

68069,0

68089,0

68109,0

68129,0

68149,0

68169,0

68189,0

68209,0

68229,0

68249,4095

68269,4095

68289,4095

68309,4095

68329,4095

68349,4095

68369,4095

68389,4095

68409,4095

68429,4095

68449,4095

68469,4095

68489,4095

68509,4095

68529,4095

68549,4095

68569,4095

68589,4095

68609,4095

68629,4095

68649,4095

68669,4095

68689,4095

68709,4095

68729,4095

68749,4095

68769,4095

68789,4095

68809,4095

68829,4095

68849,4095

68869,4095

68889,4095

68909,4095

68929,4095

68949,4095

68969,4095

68989,4095

69009,4095

69029,4095

69049,4095

69069,4095

69089,4095

69109,4095

69129,4095

69149,4095

69169,4095

69189,4095

69209,4095

69229,4095

69249,4095

69269,4095

69289,4095

69309,4095

69329,4095

69349,4095

69369,4095

69389,4095

69409,4095

69429,4095

69449,4095

69469,4095

69489,4095

69509,4095

69529,4095

69549,4095

69569,4095

69589,4095

69609,4095

69629,4095

69649,4095

69669,4095

69689,4095

69709,4095

69729,4095

69749,4095

69769,4095

69789,4095

69809,4095

69829,4095

69849,4095

69869,4095

69889,4095

69909,4095

69929,4095

69949,4095

69969,4095

69989,4095

70009,4095

70029,4095

70049,4095

70069,4095

70089,4095

70109,4095

70129,4095

70149,4095

70169,4095

70189,4095

70209,4095

70229,4095

70249,4095

70269,4095

70289,4095

70309,4095

70329,4095

70349,4095

70369,4095

70389,4095

70409,4095

70429,4095

70449,4095

70469,4095

70489,4095

70509,4095

70529,4095

70549,4095

70569,4095

70589,4095

70609,4095

70629,4095

70649,4095

70669,4095

70689,4095

70709,4095

70729,4095

70749,4095

70769,4095

70789,4095

70809,4095

70829,4095

70849,4095

70869,4095

70889,4095

70909,4095

70929,4095

70949,4095

70969,4095

70989,4095

71009,4095

71029,4095

71049,4095

71069,4095

71089,4095

71109,4095

71129,4095

71149,4095

71169,4095

71189,4095

71209,4095

71229,4095

71249,4095

71269,4095

71289,4095

71309,4095

71329,4095

71349,4095

71369,4095

71389,4095

71409,4095

71429,4095

71449,4095

71469,4095

71489,4095

71509,4095

71529,4095

71549,4095

71569,4095

71589,4095

71609,4095

71629,4095

71649,4095

71669,4095

71689,4095

71709,4095

71729,4095

71749,4095

71769,4095

71789,4095

71809,4095

71829,4095

71849,4095

71869,4095

71889,4095

71909,4095

71929,4095

71949,4095

71969,4095

71989,4095

72009,4095

72029,4095

72049,4095

72069,4095

72089,4095

72109,4095

72129,4095

72149,4095

72169,4095

72189,4095

72209,4095

72229,4095

72249,4095

72269,4095

72289,4095

72309,4095

72329,4095

72349,4095

72369,4095

72389,4095

72409,4095

72429,4095

72449,4095

72469,4095

72489,4095

72509,4095

72529,4095

72549,4095

72569,4095

72589,4095

72609,4095

72629,4095

72649,4095

72669,4095

72689,4095

72709,4095

72729,4095

72749,4095

72769,4095

72789,4095

72809,4095

72829,4095

72849,4095

72869,4095

72889,4095

72909,4095

72929,4095

72949,4095

72969,4095

72989,4095

73009,4095

73029,4095

73049,4095

73069,4095

73089,4095

73109,4095

73129,4095

73149,4095

73169,4095

73189,4095

73209,4095

73229,4095

73249,4095

73269,4095

73289,4095

73309,4095

73329,4095

73349,4095

73369,4095

73389,4095

73409,4095

73429,4095

73449,4095

73469,4095

73489,4095

73509,4095

73529,4095

73549,4095

73569,4095

73589,4095

73609,4095

73629,4095

73649,4095

73669,4095

73689,4095

73709,4095

73729,4095

73749,4095

73769,4095

73789,4095

73809,4095

73829,4095

73849,4095

73869,4095

73889,4095

73909,4095

73929,4095

73949,4095

73969,4095

73989,4095

74009,4095

74029,4095

74049,4095

74069,4095

74089,4095

74109,4095

74129,4095

74149,4095

74169,4095

74189,4095

74209,4095

74229,4095

74249,4095

74269,4095

74289,4095

74309,4095

74329,4095

74349,4095

74369,4095

74389,4095

74409,4095

74429,4095

74449,4095

74469,4095

74489,4095

74509,4095

74529,4095

74549,4095

74569,4095

74589,4095

74609,4095

74629,4095

74649,4095

74669,4095

74689,4095

74709,4095

74729,4095

74749,4095

74769,4095

74789,4095

74809,4095

74829,4095

74849,4095

74869,4095

74889,4095

74909,4095

74929,4095

74949,4095

74969,4095

74989,4095

75009,4095

75029,4095

75049,4095

75069,4095

75089,4095

75109,4095

75129,4095

75149,4095

75169,4095

75189,4095

75209,4095

75229,4095

75249,4095

75269,4095

75289,4095

75309,4095

75329,4095

75349,4095

75369,4095

75389,4095

75409,4095

75429,4095

75449,4095

75469,4095

75489,4095

75509,4095

75529,4095

75549,4095

75569,4095

75589,4095

75609,4095

75629,4095

75649,4095

75669,4095

75689,4095

75709,4095

75729,4095

75749,4095

75769,4095

75789,4095

75809,4095

75829,4095

75849,4095

75869,4095

75889,4095

75909,4095

75929,4095

75949,4095

75969,4095

75989,4095

76009,4095

76029,4095

76049,4095

76069,4095

76089,4095

76109,4095

76129,4095

76149,4095

76169,4095

76189,4095

76209,4095

76229,4095

76249,4095

76269,4095

76289,4095

76309,4095

76329,4095

76349,4095

76369,4095

76389,4095

76409,4095

76429,4095

76449,4095

76469,4095

76489,4095

76509,4095

76529,4095

76549,4095

76569,4095

76589,4095

76609,4095

76629,4095

76649,4095

76669,4095

76689,4095

76709,4095

76729,4095

76749,4095

76769,4095

76789,4095

76809,4095

76829,4095

76849,4095

76869,4095

76889,4095

76909,4095

76929,4095

76949,4095

76969,4095

76989,4095

77009,4095

77029,4095

77049,4095

77069,4095

77089,4095

77109,4095

77129,4095

77149,4095

77169,4095

77189,4095

77209,4095

77229,4095

77249,4095

77269,4095

77289,4095

77309,4095

77329,4095

77349,4095

77369,4095

77389,4095

77409,4095

77429,4095

77449,4095

77469,4095

77489,4095

77509,4095

77529,4095

77549,4095

77569,4095

77589,4095

77609,4095

77629,4095

77649,4095

77669,4095

77689,4095

77709,4095

77729,4095

77749,4095

77769,4095

77789,4095

77809,4095

77829,4095

77849,4095

77869,4095

77889,4095

77909,4095

77929,4095

77949,4095

77969,4095

77989,4095

78009,4095

78029,4095

78049,4095

78069,4095

78089,4095

78109,4095

78129,4095

78149,4095

78169,4095

78189,4095

78209,4095

78229,4095

78249,4095

78269,4095

78289,4095

78309,4095

78329,4095

78349,4095

78369,4095

78389,4095

78409,4095

78429,4095

78449,4095

78469,4095

78489,4095

78509,4095

78529,4095

78549,4095

78569,4095

78589,4095

78609,4095

78629,4095

78649,4095

78669,4095

78689,4095

78709,4095

78729,4095

78749,4095

78769,4095

78789,4095

78809,4095

78829,4095

78849,4095

78869,4095

78889,4095

78909,4095

78929,4095

78949,4095

78969,4095

78989,4095

79009,4095

79029,4095

79049,4095

79069,4095

79089,4095

79109,4095

79129,4095

79149,4095

79169,4095

79189,4095

79209,4095

79229,4095

79249,4095

79269,4095

79289,4095

79309,4095

79329,4095

79349,4095

79369,4095

79389,4095

79409,4095

79429,4095

79449,4095

79469,4095

79489,4095

79509,4095

79529,4095

79549,4095

79569,4095

79589,4095

79609,4095

79629,4095

79649,4095

79669,4095

79689,4095

79709,4095

79729,4095

79749,4095

79769,4095

79789,4095

79809,4095

79829,4095

79849,4095

79869,4095

79889,4095

79909,4095

79929,4095

79949,4095

79969,4095

79989,4095

80009,4095

80029,4095

80049,4095

80069,4095

80089,4095

80109,4095

80129,4095

80149,4095

80169,4095

80189,4095

80209,4095

80229,4095

80249,4095

80269,4095

80289,4095

80309,4095

80329,4095

80349,4095

80369,4095

80389,4095

80409,4095

80429,4095

80449,4095

80469,4095

80489,4095

80509,4095

80529,4095

80549,4095

80569,4095

80589,4095

